{"epoch": 14, "train_loss": 0.6372981071472168, "_timestamp": 1680302988.8785837, "_runtime": 796.0351696014404, "_step": 89, "_wandb": {"runtime": 801}}