{"test_acc": 62, "_timestamp": 1680309099.33201, "_runtime": 10.763890981674194, "_step": 250, "test_loss": 1.450077772140503, "final_acc": 62, "_wandb": {"runtime": 9}}