{"epoch": 1, "loss": 0.6898408532142639, "_timestamp": 1680208747.2579727, "_runtime": 89.17576169967651, "_step": 11, "_wandb": {"runtime": 89}}