{"epoch": 9, "loss": 0.1295432448387146, "_timestamp": 1680209339.8337696, "_runtime": 414.0734956264496, "_step": 59, "_wandb": {"runtime": 414}}